{"cameraMode":{"drawMode":0,"name":"Shaded","section":"Shading Mode"},"sceneLighting":true,"audioPlay":false,"sceneViewState":{"m_AlwaysRefresh":false,"showFog":true,"showSkybox":true,"showFlares":true,"showImageEffects":true,"showParticleSystems":true,"showVisualEffectGraphs":true,"m_FxEnabled":true},"in2DMode":false,"pivot":{"x":9.970691680908204,"y":11.585267066955567,"z":-3.2442996501922609},"rotation":{"x":0.17662329971790315,"y":-0.18767507374286652,"z":0.03431987017393112,"w":0.965634286403656},"size":3.349489688873291,"orthographic":false}